{
	"info": {
		"_postman_id": "0d78add6-270c-4b1e-864b-098f48ed7888",
		"name": "CoffeeAPI",
		"schema": "https://schema.getpostman.com/json/collection/v2.1.0/collection.json"
	},
	"item": [
		{
			"name": "Функционал администратора",
			"item": [
				{
					"name": "Просмотр списка всех сотрудников",
					"request": {
						"auth": {
							"type": "bearer",
							"bearer": [
								{
									"key": "token",
									"value": "{{token}}",
									"type": "string"
								}
							]
						},
						"method": "GET",
						"header": [],
						"url": {
							"raw": "{{host}}/api-cafe/users",
							"host": [
								"{{host}}"
							],
							"path": [
								"api-cafe",
								"users"
							]
						}
					},
					"response": []
				},
				{
					"name": "Добавление сотрудника",
					"request": {
						"auth": {
							"type": "bearer",
							"bearer": [
								{
									"key": "token",
									"value": "{{token}}",
									"type": "string"
								}
							]
						},
						"method": "POST",
						"header": [
							{
								"key": "Content-Type",
								"value": "application/json",
								"type": "text"
							}
						],
						"body": {
							"mode": "raw",
							"raw": "{\r\n    \"name\": \"Shana\",\r\n    \"login\": \"waiter\",\r\n    \"status\": \"working\",\r\n    \"group\": \"Официант\"\r\n}"
						},
						"url": {
							"raw": "{{host}}/api-cafe/users",
							"host": [
								"{{host}}"
							],
							"path": [
								"api-cafe",
								"users"
							]
						}
					},
					"response": []
				},
				{
					"name": "Создание смены",
					"request": {
						"auth": {
							"type": "bearer",
							"bearer": [
								{
									"key": "token",
									"value": "{{token}}",
									"type": "string"
								}
							]
						},
						"method": "POST",
						"header": [
							{
								"key": "Content-Type",
								"value": "application/json",
								"type": "text"
							}
						],
						"body": {
							"mode": "raw",
							"raw": "{\r\n    \"date\": \"2021-11-14\"\r\n}"
						},
						"url": {
							"raw": "{{host}}/api-cafe/change",
							"host": [
								"{{host}}"
							],
							"path": [
								"api-cafe",
								"change"
							]
						}
					},
					"response": []
				},
				{
					"name": "Добавление сотрудников на смену",
					"request": {
						"auth": {
							"type": "bearer",
							"bearer": [
								{
									"key": "token",
									"value": "{{token}}",
									"type": "string"
								}
							]
						},
						"method": "POST",
						"header": [
							{
								"key": "Content-Type",
								"value": "application/json",
								"type": "text"
							}
						],
						"body": {
							"mode": "raw",
							"raw": "{\r\n    \"change\": {\r\n        \"id\": 1\r\n    },\r\n    \"users\": [\r\n        {\r\n            \"name\": \"Shana\",\r\n            \"login\": \"waiter\",\r\n            \"status\": \"working\",\r\n            \"group\": \"Официант\"\r\n        },\r\n        {\r\n            \"name\": \"Estrella\",\r\n            \"login\": \"cook\",\r\n            \"status\": \"working\",\r\n            \"group\": \"Повар\"\r\n        }\r\n    ]\r\n}"
						},
						"url": null
					},
					"response": []
				},
				{
					"name": "Просмотр заказов конкретной смены",
					"request": {
						"auth": {
							"type": "bearer",
							"bearer": [
								{
									"key": "token",
									"value": "{{token}}",
									"type": "string"
								}
							]
						},
						"method": "GET",
						"header": [],
						"url": {
							"raw": "{{host}}/api-cafe/change/{code}/orders",
							"host": [
								"{{host}}"
							],
							"path": [
								"api-cafe",
								"change",
								"{code}",
								"orders"
							]
						}
					},
					"response": []
				}
			]
		},
		{
			"name": "Функционал офицанта",
			"item": [
				{
					"name": "Создание заказа для определенного столика",
					"request": {
						"auth": {
							"type": "bearer",
							"bearer": [
								{
									"key": "token",
									"value": "{{token}}",
									"type": "string"
								}
							]
						},
						"method": "POST",
						"header": [
							{
								"key": "Content-Type",
								"value": "application/json",
								"type": "text"
							}
						],
						"body": {
							"mode": "raw",
							"raw": "{\r\n    \"book_id\": \"1\",\r\n    \"orders\": [\r\n        {\r\n            \"id\": 1,\r\n            \"dish\": \"креветки\"\r\n        },\r\n        {\r\n            \"id\": 2,\r\n            \"dish\": \"краб\"\r\n        }\r\n    ]\r\n}"
						},
						"url": {
							"raw": "{{host}}/api-cafe/orders/book",
							"host": [
								"{{host}}"
							],
							"path": [
								"api-cafe",
								"orders",
								"book"
							]
						}
					},
					"response": []
				},
				{
					"name": "Просмотр конкретного принятого заказа",
					"request": {
						"auth": {
							"type": "bearer",
							"bearer": [
								{
									"key": "token",
									"value": "{{token}}",
									"type": "string"
								}
							]
						},
						"method": "POST",
						"header": [
							{
								"key": "Content-Type",
								"value": "application/json",
								"type": "text"
							}
						],
						"body": {
							"mode": "raw",
							"raw": "{\r\n    \"orders\": {\r\n        \"status\": \"принят\"\r\n    }\r\n}"
						},
						"url": {
							"raw": "{{host}}/api-cafe/orders/{code}",
							"host": [
								"{{host}}"
							],
							"path": [
								"api-cafe",
								"orders",
								"{code}"
							]
						}
					},
					"response": []
				},
				{
					"name": "Просмотр конкретного принятого заказа Copy",
					"request": {
						"auth": {
							"type": "bearer",
							"bearer": [
								{
									"key": "token",
									"value": "{{token}}",
									"type": "string"
								}
							]
						},
						"method": "POST",
						"header": [
							{
								"key": "Content-Type",
								"value": "application/json",
								"type": "text"
							}
						],
						"body": {
							"mode": "raw",
							"raw": "{\r\n    \"orders\": {\r\n        \"status\": \"принят\"\r\n    }\r\n}"
						},
						"url": {
							"raw": "{{host}}/api-cafe/change/{code}/orders",
							"host": [
								"{{host}}"
							],
							"path": [
								"api-cafe",
								"change",
								"{code}",
								"orders"
							]
						}
					},
					"response": []
				},
				{
					"name": "Просмотр принятых заказов конкретной смены",
					"request": {
						"auth": {
							"type": "bearer",
							"bearer": [
								{
									"key": "token",
									"value": "{{token}}",
									"type": "string"
								}
							]
						},
						"method": "GET",
						"header": [],
						"url": null
					},
					"response": []
				},
				{
					"name": "Изменение статуса заказа",
					"request": {
						"auth": {
							"type": "bearer",
							"bearer": [
								{
									"key": "token",
									"value": "{{token}}",
									"type": "string"
								}
							]
						},
						"method": "GET",
						"header": [],
						"url": null
					},
					"response": []
				},
				{
					"name": "Добавление позиций из меню в заказ",
					"request": {
						"auth": {
							"type": "bearer",
							"bearer": [
								{
									"key": "token",
									"value": "{{token}}",
									"type": "string"
								}
							]
						},
						"method": "GET",
						"header": [],
						"url": null
					},
					"response": []
				},
				{
					"name": "Удаление позиций из заказа",
					"request": {
						"auth": {
							"type": "bearer",
							"bearer": [
								{
									"key": "token",
									"value": "{{token}}",
									"type": "string"
								}
							]
						},
						"method": "GET",
						"header": [],
						"url": null
					},
					"response": []
				}
			]
		},
		{
			"name": "Функционал повара",
			"item": [
				{
					"name": "Просмотр принятых заказов смены",
					"request": {
						"auth": {
							"type": "bearer",
							"bearer": [
								{
									"key": "token",
									"value": "{{token}}",
									"type": "string"
								}
							]
						},
						"method": "GET",
						"header": [],
						"url": null
					},
					"response": []
				},
				{
					"name": "Изменение статуса заказа",
					"request": {
						"auth": {
							"type": "bearer",
							"bearer": [
								{
									"key": "token",
									"value": "{{token}}",
									"type": "string"
								}
							]
						},
						"method": "GET",
						"header": [],
						"url": null
					},
					"response": []
				}
			]
		},
		{
			"name": "Аутентификация",
			"event": [
				{
					"listen": "test",
					"script": {
						"exec": [
							""
						],
						"type": "text/javascript"
					}
				}
			],
			"request": {
				"method": "POST",
				"header": [
					{
						"key": "Content-Type",
						"value": "application/json",
						"type": "text"
					}
				],
				"body": {
					"mode": "raw",
					"raw": "{\r\n    \"login\": \"admin\",\r\n    \"password\": \"12345\"\r\n}"
				},
				"url": {
					"raw": "{{host}}/api-cafe/login",
					"host": [
						"{{host}}"
					],
					"path": [
						"api-cafe",
						"login"
					]
				}
			},
			"response": []
		},
		{
			"name": "Выход",
			"event": [
				{
					"listen": "test",
					"script": {
						"exec": [
							""
						],
						"type": "text/javascript"
					}
				}
			],
			"request": {
				"auth": {
					"type": "bearer",
					"bearer": [
						{
							"key": "token",
							"value": "{{token}}",
							"type": "string"
						}
					]
				},
				"method": "GET",
				"header": [],
				"url": {
					"raw": "{{host}}/api-cafe/logout",
					"host": [
						"{{host}}"
					],
					"path": [
						"api-cafe",
						"logout"
					]
				}
			},
			"response": []
		}
	],
	"auth": {
		"type": "bearer",
		"bearer": [
			{
				"key": "token",
				"value": "{{token}}",
				"type": "string"
			}
		]
	},
	"event": [
		{
			"listen": "prerequest",
			"script": {
				"type": "text/javascript",
				"exec": [
					""
				]
			}
		},
		{
			"listen": "test",
			"script": {
				"type": "text/javascript",
				"exec": [
					""
				]
			}
		}
	],
	"variable": [
		{
			"key": "host",
			"value": "http://localhost"
		},
		{
			"key": "token",
			"value": "98a5d87bc1ddf42582aa2b3df4b1eb5a.0JDQtNC80LjQvdC40YHRgtGA0LDRgtC+0YA="
		}
	]
}